ETA,VIN,Year,Model,Drivetrain,Hold Status,Pre-Sold,Shipping Status,Total MSRP,Exterior Color,Interior Color,Distance,Dealer,Dealer Website,SmartPath,Options
2024-07-05,5TDBSKFC0RS25D382,2024,Sienna LE AWD,AWD,,True,Factory to port,44520,Blueprint,Gray Woven Fabric,225,Toyota of Des Moines,https://www.toyotadm.com,True,50 State Emissions | All-Weather Floor Liner Package[installed_msrp] | Alloy Wheel Locks[installed_msrp] | Body Side Moldings[installed_msrp] | Illuminated Door Sills[installed_msrp] | LE Plus Package | Mudguards[installed_msrp] | Quick Charging Cable Package[installed_msrp]
2024-07-23,5TDBSKFC1RS25D651,2024,Sienna LE AWD,AWD,DealerHold,False,Factory to port,44385,Celestial Silver Metallic,Gray Woven Fabric,60,St. Cloud Toyota,https://www.stcloudtoyota.com,True,50 State Emissions | All-Weather Floor Liner Package[installed_msrp] | LE Plus Package | Protection Package[installed_msrp] | Quick Charging Cable Package[installed_msrp] | Roof Rack Cross Bars[installed_msrp]
2024-06-29,5TDBSKFC3RS25D487,2024,Sienna LE AWD,AWD,,True,Factory to port,43640,Midnight Black Metallic,Gray Woven Fabric,236,East Madison Toyota,https://eastmadisontoyota.com,True,50 State Emissions | All-Weather Floor Liner Package[installed_msrp] | LE Plus Package | Vehicle Appearance Protection Package
2024-06-21,5TDBSKFC5RS137722,2024,Sienna LE AWD,AWD,DealerHold,True,Port to dealer,43640,Predawn Gray Mica,Gray Woven Fabric,245,Kolosso Toyota,https://www.kolossotoyota.com,True,50 State Emissions | All-Weather Floor Liner Package[installed_msrp] | LE Plus Package
2024-06-28,5TDBSKFC5RS25D183,2024,Sienna LE AWD,AWD,DealerHold,False,Factory to port,43790,Cypress,Gray Woven Fabric,212,Anderson-Weber Toyota,https://www.andersonwebertoyota.com,True,50 State Emissions | All-Weather Floor Liner Package[installed_msrp] | LE Plus Package | Mudguards[installed_msrp]
2024-07-27,5TDBSKFC8RS26D786,2024,Sienna LE AWD,AWD,DealerHold,True,Factory to port,43640,Blueprint,Gray Woven Fabric,20,Carlson Toyota,https://www.carlsontoyota.com,True,50 State Emissions | All-Weather Floor Liner Package[installed_msrp] | LE Plus Package
2024-07-26,5TDCSKFC0RS26D141,2024,Sienna Woodland Edition AWD,AWD,,True,Factory to port,50095,Cement,Gray Flannel + Black Embossed Softex® [softex],144,Kolar Toyota,https://www.kolartoyota.com,True,50 State Emissions | Spare tire | WOODLAND EDITION
2024-06-21,5TDCSKFC5RS136963,2024,Sienna XSE AWD,AWD,DealerHold,True,Port to dealer,52984,Ruby Flare Pearl [extra_cost_color],Black Leather,17,Maplewood Toyota,https://www.maplewoodtoyota.com,False,1500W inverter [120v_cargo] | 50 State Emissions | All-Weather Floor Liner Package[installed_msrp] | Body Side Moldings[installed_msrp] | Mudguards[installed_msrp] | Rear Bumper Applique[installed_msrp] | Special Color | XSE Premium Package
2024-06-15,5TDCSKFC5RS137093,2024,Sienna Woodland Edition AWD,AWD,DealerHold,False,At dealer,50835,Midnight Black Metallic,Gray Flannel + Black Embossed Softex® [softex],209,Motor Inn Toyota of Carroll,https://www.motorinntoyotaofcarroll.com,True,50 State Emissions | Mudguards[installed_msrp] | Quick Charging Cable Package[installed_msrp] | WOODLAND EDITION
2024-06-22,5TDCSKFC9RS138098,2024,Sienna Woodland Edition AWD,AWD,DealerHold,False,Port to dealer,52105,Cement,Gray Flannel + Black Embossed Softex® [softex],214,"Cedar Rapids Toyota, Inc.",https://www.cedarrapidstoyota.com,False,50 State Emissions | Cargo Tray[installed_msrp] | Entertainment Package | Mudguards[installed_msrp] | Spare tire | WOODLAND EDITION
2024-06-25,5TDDRKEC7RS209008,2024,Sienna XSE FWD,FWD,DealerHold,False,Port to dealer,50042,Ice Cap,Gray Flannel + Black Embossed Softex® [softex],184,Iron Trail Toyota,https://www.irontrailtoyota.com,False,"1500W inverter [120v_cargo] | 50 State Emissions | All-Weather Floor Liner Package[installed_msrp] | Alloy Wheel Locks[installed_msrp] | Body Side Moldings[installed_msrp] | Cargo Organizer[installed_msrp] | Illuminated Door Sills[installed_msrp] | Mudguards[installed_msrp] | Paint Protection Film (Hood, Fenders, Mirror Backs and Door Cups)[installed_msrp] | Rear Bumper Applique[installed_msrp] | Roof Rack Cross Bars[installed_msrp] | Spare tire | XSE Plus Package"
2024-07-01,5TDDSKFC0RS137104,2024,Sienna XSE AWD,AWD,DealerHold,True,Port to dealer,50563,Blueprint,Gray Flannel + Black Embossed Softex® [softex],12,Luther Brookdale Toyota,https://www.lutherbrookdaletoyota.com,True,1500W inverter [120v_cargo] | 50 State Emissions | All-Weather Floor Liner Package[installed_msrp] | Alloy Wheel Locks[installed_msrp] | Body Side Moldings[installed_msrp] | Cargo Organizer[installed_msrp] | Illuminated Door Sills[installed_msrp] | Mudguards[installed_msrp] | Owner's Portfolio | Quick Charging Cable Package[installed_msrp] | Rear Bumper Applique[installed_msrp] | Roof Rack Cross Bars[installed_msrp] | Spare tire | XSE Plus Package
2024-07-03,5TDDSKFC1RS137791,2024,Sienna XSE AWD,AWD,Available,False,Port to dealer,49234,Midnight Black Metallic,Gray Flannel + Black Embossed Softex® [softex],20,Carlson Toyota,https://www.carlsontoyota.com,True,1500W inverter [120v_cargo] | 50 State Emissions | All-Weather Floor Liner Package[installed_msrp] | Rear Bumper Applique[installed_msrp] | Spare tire | XSE Plus Package
2024-06-24,5TDDSKFC4RS136845,2024,Sienna XSE AWD,AWD,DealerHold,False,Port to dealer,49629,Ice Cap,Moonstone + Grey Embossed Softex® [softex],12,Burnsville Toyota,https://www.burnsvilletoyota.com,False,1500W inverter [120v_cargo] | 50 State Emissions | Body Side Moldings[installed_msrp] | Carpet Floor Mat Package[installed_msrp] | Mudguards[installed_msrp] | Quick Charging Cable Package[installed_msrp] | Rear Bumper Applique[installed_msrp] | XSE Plus Package
2024-07-24,5TDDSKFC6RS27B846,2024,Sienna XSE AWD,AWD,,True,Factory to port,50563,Blueprint,Gray Flannel + Black Embossed Softex® [softex],12,Luther Brookdale Toyota,https://www.lutherbrookdaletoyota.com,True,1500W inverter [120v_cargo] | 50 State Emissions | All-Weather Floor Liner Package[installed_msrp] | Alloy Wheel Locks[installed_msrp] | Body Side Moldings[installed_msrp] | Cargo Organizer[installed_msrp] | Illuminated Door Sills[installed_msrp] | Mudguards[installed_msrp] | Owner's Portfolio | Quick Charging Cable Package[installed_msrp] | Rear Bumper Applique[installed_msrp] | Roof Rack Cross Bars[installed_msrp] | Spare tire | XSE Plus Package
2024-06-13,5TDDSKFC7RS136158,2024,Sienna XSE AWD,AWD,DealerHold,False,At dealer,49769,Cement,Moonstone + Grey Embossed Softex® [softex],4,Rudy Luther Toyota,https://www.rudyluthertoyota.com,True,1500W inverter [120v_cargo] | 50 State Emissions | All-Weather Floor Liner Package[installed_msrp] | Cargo Net with Pouch[installed_msrp] | Protection Package[installed_msrp] | Quick Charging Cable Package[installed_msrp] | Rear Bumper Applique[installed_msrp] | XSE Plus Package
2024-07-29,5TDDSKFC8RS26D327,2024,Sienna XSE AWD,AWD,Available,True,Factory to port,50960,Midnight Black Metallic,Moonstone + Grey Embossed Softex® [softex],192,Billion Toyota,https://www.siouxfallstoyota.com,True,1500W inverter [120v_cargo] | 50 State Emissions | Emergency Assistance Kit[installed_msrp] | Entertainment Package | Illuminated Door Sills[installed_msrp] | Mudguards[installed_msrp] | Quick Charging Cable Package[installed_msrp] | REVA/KARR SAFETY & SECURITY PACKAGE | Spare tire | XSE Plus Package
2024-08-18,5TDDSKFC8RS28D822,2024,Sienna XSE AWD,AWD,Available,True,Factory to port,51003,Cement,Gray Flannel + Black Embossed Softex® [softex],110,Lake Country Toyota,https://www.lakecountrytoyota.com,True,"1500W inverter [120v_cargo] | 50 State Emissions | All-Weather Floor Liner Package[installed_msrp] | Body Side Moldings[installed_msrp] | Illuminated Door Sills[installed_msrp] | Integrated Dash Cam[installed_msrp] | Mudguards[installed_msrp] | Paint Protection Film (Hood, Fenders, Mirror Backs and Door Cups)[installed_msrp] | Rear Bumper Applique[installed_msrp] | Roof Rack Cross Bars[installed_msrp] | Spare tire | XSE Plus Package"
2024-06-20,5TDDSKFC9RS136288,2024,Sienna XSE AWD,AWD,DealerHold,False,Port to dealer,49579,Celestial Silver Metallic,Moonstone + Grey Embossed Softex® [softex],184,Sharp Chevrolet-Toyota,https://www.sharptoyota.com,False,1500W inverter [120v_cargo] | 50 State Emissions | All-Weather Floor Liner Package[installed_msrp] | Illuminated Door Sills[installed_msrp] | Rear Bumper Applique[installed_msrp] | Spare tire | XSE Plus Package
2024-06-06,5TDERKEC0RS209243,2024,Sienna Platinum FWD,FWD,,True,At dealer,55825,Midnight Black Metallic,Nobel Brown Leather,225,Toyota of Des Moines,https://www.toyotadm.com,True,50 State Emissions | All-Weather Floor Liner Package[installed_msrp] | Body Side Moldings[installed_msrp] | Illuminated Door Sills[installed_msrp] | Mudguards[installed_msrp] | Platinum Package | Quick Charging Cable Package[installed_msrp] | Roof Rack Cross Bars[installed_msrp]
2024-07-01,5TDESKFC0RS137172,2024,Sienna Platinum AWD,AWD,DealerHold,True,Port to dealer,57910,Predawn Gray Mica,Nobel Brown Leather,79,Rochester Toyota,https://www.rochestertoyota.com,False,1500W inverter [120v_cargo] | 50 State Emissions | Cargo Tray[installed_msrp] | Carpet Floor Mat Package[installed_msrp] | Digital Rearview Mirror with HomeLink® Universal Transceiver | Entertainment Package | Mudguards[installed_msrp] | Platinum Package | Quick Charging Cable Package[installed_msrp] | Roof Rack Cross Bars[installed_msrp] | Spare tire
2024-06-21,5TDESKFC0RS137818,2024,Sienna Platinum AWD,AWD,DealerHold,True,Port to dealer,56280,Predawn Gray Mica,Nobel Brown Leather,231,Smart Motors Toyota,https://www.smarttoyota.com,True,1500W inverter [120v_cargo] | 50 State Emissions | All-Weather Floor Liner Package[installed_msrp] | Digital Rearview Mirror with HomeLink® Universal Transceiver | Mudguards[installed_msrp] | Owner's Portfolio | Platinum Package | Quick Charging Cable Package[installed_msrp]
2024-07-30,5TDESKFC0RS27C303,2024,Sienna Platinum AWD,AWD,DealerHold,False,Factory to port,56739,Celestial Silver Metallic,Nobel Brown Leather,4,Rudy Luther Toyota,https://www.rudyluthertoyota.com,True,1500W inverter [120v_cargo] | 50 State Emissions | All-Weather Floor Liner Package[installed_msrp] | Cargo Net with Pouch[installed_msrp] | Digital Rearview Mirror with HomeLink® Universal Transceiver | Platinum Package | Protection Package[installed_msrp] | Quick Charging Cable Package[installed_msrp] | Rear Bumper Applique[installed_msrp]
2024-08-07,5TDESKFC0RS28C703,2024,Sienna Platinum AWD,AWD,DealerHold,False,Factory to port,58322,Wind Chill Pearl [extra_cost_color],Nobel Brown Leather,200,Rhinelander Toyota,https://www.rhinelandertoyota.com,True,"1500W inverter [120v_cargo] | 50 State Emissions | All-Weather Floor Liner Package[installed_msrp] | Alloy Wheel Locks[installed_msrp] | Body Side Moldings[installed_msrp] | Cargo Organizer[installed_msrp] | Digital Rearview Mirror with HomeLink® Universal Transceiver | Illuminated Door Sills[installed_msrp] | Mudguards[installed_msrp] | Nitrogen For Life / 1 yr. Road Hazard | Paint Protection Film (Hood, Fenders, Mirror Backs and Door Cups)[installed_msrp] | Platinum Package | Quick Charging Cable Package[installed_msrp] | Rear Bumper Applique[installed_msrp] | Roof Rack Cross Bars[installed_msrp] | Special Color"
2024-06-21,5TDESKFC1RS136659,2024,Sienna Platinum AWD,AWD,DealerHold,False,Port to dealer,56614,Midnight Black Metallic,Nobel Brown Leather,4,Rudy Luther Toyota,https://www.rudyluthertoyota.com,True,1500W inverter [120v_cargo] | 50 State Emissions | All-Weather Floor Liner Package[installed_msrp] | Cargo Net with Pouch[installed_msrp] | Digital Rearview Mirror with HomeLink® Universal Transceiver | Platinum Package | Protection Package[installed_msrp] | Quick Charging Cable Package[installed_msrp] | Rear Bumper Applique[installed_msrp] | Spare tire
2024-08-07,5TDESKFC1RS28D262,2024,Sienna Platinum AWD,AWD,,False,Factory to port,57364,Wind Chill Pearl [extra_cost_color],Nobel Brown Leather,102,Dahl Toyota,https://www.dahltoyota.com,True,1500W inverter [120v_cargo] | 50 State Emissions | All-Weather Floor Liner Package[installed_msrp] | Body Side Moldings[installed_msrp] | Cargo Tray[installed_msrp] | Digital Rearview Mirror with HomeLink® Universal Transceiver | Mudguards[installed_msrp] | Platinum Package | Quick Charging Cable Package[installed_msrp] | Rear Bumper Applique[installed_msrp] | Roof Rack Cross Bars[installed_msrp] | Special Color
2024-07-20,5TDESKFC2RS26C713,2024,Sienna Platinum AWD,AWD,DealerHold,True,Factory to port,56554,Ruby Flare Pearl [extra_cost_color],Nobel Brown Leather,20,Carlson Toyota,https://www.carlsontoyota.com,True,1500W inverter [120v_cargo] | 50 State Emissions | All-Weather Floor Liner Package[installed_msrp] | Digital Rearview Mirror with HomeLink® Universal Transceiver | Platinum Package | Rear Bumper Applique[installed_msrp] | Special Color
2024-07-24,5TDESKFC2RS26D196,2024,Sienna Platinum AWD,AWD,DealerHold,False,Factory to port,56949,Blueprint,Nobel Brown Leather,4,Rudy Luther Toyota,https://www.rudyluthertoyota.com,True,1500W inverter [120v_cargo] | 50 State Emissions | All-Weather Floor Liner Package[installed_msrp] | Cargo Net with Pouch[installed_msrp] | Digital Rearview Mirror with HomeLink® Universal Transceiver | Platinum Package | Protection Package[installed_msrp] | Quick Charging Cable Package[installed_msrp] | Rear Bumper Applique[installed_msrp] | Roof Rack Cross Bars[installed_msrp]
2024-07-27,5TDESKFC2RS27B881,2024,Sienna Platinum AWD,AWD,DealerHold,True,Factory to port,57458,Predawn Gray Mica,Nobel Brown Leather,12,Luther Brookdale Toyota,https://www.lutherbrookdaletoyota.com,True,1500W inverter [120v_cargo] | 50 State Emissions | All-Weather Floor Liner Package[installed_msrp] | Alloy Wheel Locks[installed_msrp] | Body Side Moldings[installed_msrp] | Cargo Organizer[installed_msrp] | Digital Rearview Mirror with HomeLink® Universal Transceiver | Illuminated Door Sills[installed_msrp] | Mudguards[installed_msrp] | Owner's Portfolio | Platinum Package | Quick Charging Cable Package[installed_msrp] | Rear Bumper Applique[installed_msrp] | Roof Rack Cross Bars[installed_msrp]
2024-07-24,5TDESKFC3RS27B629,2024,Sienna Platinum AWD,AWD,,True,Factory to port,56210,Predawn Gray Mica,Nobel Brown Leather,3,Walser Bloomington Toyota,https://www.walsertoyota.com,True,1500W inverter [120v_cargo] | 50 State Emissions | All-Weather Floor Liner Package[installed_msrp] | Digital Rearview Mirror with HomeLink® Universal Transceiver | Mudguards[installed_msrp] | Platinum Package
2024-07-05,5TDESKFC4RS137935,2024,Sienna Platinum AWD,AWD,DealerHold,True,Port to dealer,57258,Celestial Silver Metallic,Nobel Brown Leather,17,Maplewood Toyota,https://www.maplewoodtoyota.com,False,1500W inverter [120v_cargo] | 50 State Emissions | All-Weather Floor Liner Package[installed_msrp] | Body Side Moldings[installed_msrp] | Cargo Net with Pouch[installed_msrp] | Cargo Organizer[installed_msrp] | Digital Rearview Mirror with HomeLink® Universal Transceiver | Illuminated Door Sills[installed_msrp] | Mudguards[installed_msrp] | Platinum Package | Quick Charging Cable Package[installed_msrp] | Rear Bumper Applique[installed_msrp]
2024-07-27,5TDESKFC4RS26D443,2024,Sienna Platinum AWD,AWD,Available,True,Factory to port,58739,Wind Chill Pearl [extra_cost_color],Nobel Brown Leather,192,Billion Toyota,https://www.siouxfallstoyota.com,True,"1500W inverter [120v_cargo] | 50 State Emissions | All-Weather Floor Liner Package[installed_msrp] | Body Side Moldings[installed_msrp] | Digital Rearview Mirror with HomeLink® Universal Transceiver | Entertainment Package | Mudguards[installed_msrp] | Paint Protection Film (Hood, Fenders, Mirror Backs and Door Cups)[installed_msrp] | Platinum Package | Special Color"
2024-04-24,5TDESKFC5RS130637,2024,Sienna Platinum AWD,AWD,Available,False,At dealer,55935,Blueprint,Nobel Brown Leather,144,Kolar Toyota,https://www.kolartoyota.com,True,1500W inverter [120v_cargo] | 50 State Emissions | All-Weather Floor Liner Package[installed_msrp] | Digital Rearview Mirror with HomeLink® Universal Transceiver | Drop Ship Indicator | Platinum Package | Spare tire
2024-06-06,5TDESKFC5RS135689,2024,Sienna Platinum AWD,AWD,,True,At dealer,58984,Wind Chill Pearl [extra_cost_color],Nobel Brown Leather,192,Billion Toyota,https://www.siouxfallstoyota.com,True,"1500W inverter [120v_cargo] | 50 State Emissions | All-Weather Floor Liner Package[installed_msrp] | Alloy Wheel Locks[installed_msrp] | Body Side Moldings[installed_msrp] | Digital Rearview Mirror with HomeLink® Universal Transceiver | Door Sill Protectors[installed_msrp] | Entertainment Package | Mudguards[installed_msrp] | Paint Protection Film (Hood, Fenders, Mirror Backs and Door Cups)[installed_msrp] | Platinum Package | Roof Rack Cross Bars[installed_msrp] | Spare tire | Special Color"
2024-06-16,5TDESKFC5RS136129,2024,Sienna Platinum AWD,AWD,DealerHold,True,At dealer,57819,Wind Chill Pearl [extra_cost_color],Nobel Brown Leather,17,Maplewood Toyota,https://www.maplewoodtoyota.com,False,1500W inverter [120v_cargo] | 50 State Emissions | All-Weather Floor Liner Package[installed_msrp] | Body Side Moldings[installed_msrp] | Cargo Net with Pouch[installed_msrp] | Digital Rearview Mirror with HomeLink® Universal Transceiver | Illuminated Door Sills[installed_msrp] | Integrated Dash Cam[installed_msrp] | Mudguards[installed_msrp] | Platinum Package | Quick Charging Cable Package[installed_msrp] | Rear Bumper Applique[installed_msrp] | Special Color
2024-06-21,5TDESKFC5RS136664,2024,Sienna Platinum AWD,AWD,DealerHold,True,Port to dealer,58154,Midnight Black Metallic,Nobel Brown Leather,4,Rudy Luther Toyota,https://www.rudyluthertoyota.com,True,1500W inverter [120v_cargo] | 50 State Emissions | All-Weather Floor Liner Package[installed_msrp] | Cargo Net with Pouch[installed_msrp] | Digital Rearview Mirror with HomeLink® Universal Transceiver | Entertainment Package | Platinum Package | Protection Package[installed_msrp] | Quick Charging Cable Package[installed_msrp] | Rear Bumper Applique[installed_msrp]
2024-06-21,5TDESKFC5RS137975,2024,Sienna Platinum AWD,AWD,DealerHold,False,Port to dealer,57844,Wind Chill Pearl [extra_cost_color],Nobel Brown Leather,243,McGrath Toyota of Iowa City,https://www.toyotaiowacity.com,True,1500W inverter [120v_cargo] | 50 State Emissions | All-Weather Floor Liner Package[installed_msrp] | Digital Rearview Mirror with HomeLink® Universal Transceiver | Entertainment Package | Platinum Package | Rear Bumper Applique[installed_msrp] | Spare tire | Special Color
2024-07-19,5TDESKFC6RS25C606,2024,Sienna Platinum AWD,AWD,,True,Factory to port,56529,Predawn Gray Mica,Nobel Brown Leather,144,Kolar Toyota,https://www.kolartoyota.com,True,1500W inverter [120v_cargo] | 3M City | 50 State Emissions | All-Weather Floor Liner Package[installed_msrp] | Body Side Moldings[installed_msrp] | Digital Rearview Mirror with HomeLink® Universal Transceiver | Mudguards[installed_msrp] | Platinum Package | Rear Bumper Applique[installed_msrp]
2024-07-30,5TDESKFC6RS28C625,2024,Sienna Platinum AWD,AWD,,False,Factory to port,56210,Predawn Gray Mica,Nobel Brown Leather,3,Walser Bloomington Toyota,https://www.walsertoyota.com,True,1500W inverter [120v_cargo] | 50 State Emissions | All-Weather Floor Liner Package[installed_msrp] | Digital Rearview Mirror with HomeLink® Universal Transceiver | Mudguards[installed_msrp] | Platinum Package
2024-06-26,5TDESKFC7RS136939,2024,Sienna Platinum AWD,AWD,DealerHold,True,Port to dealer,58340,Wind Chill Pearl [extra_cost_color],Nobel Brown Leather,249,Harr Toyota,https://www.harr-toyota.com,False,1500W inverter [120v_cargo] | 50 State Emissions | All-Weather Floor Liner Package[installed_msrp] | Digital Rearview Mirror with HomeLink® Universal Transceiver | Entertainment Package | Illuminated Door Sills[installed_msrp] | Mudguards[installed_msrp] | Platinum Package | Quick Charging Cable Package[installed_msrp] | Spare tire | Special Color
2024-07-05,5TDESKFC7RS25D229,2024,Sienna Platinum AWD,AWD,,True,Factory to port,58164,Wind Chill Pearl [extra_cost_color],Nobel Brown Leather,236,East Madison Toyota,https://eastmadisontoyota.com,True,1500W inverter [120v_cargo] | 50 State Emissions | All-Weather Floor Liner Package[installed_msrp] | Body Side Moldings[installed_msrp] | Digital Rearview Mirror with HomeLink® Universal Transceiver | Entertainment Package | Platinum Package | Quick Charging Cable Package[installed_msrp] | Rear Bumper Applique[installed_msrp] | Spare tire | Special Color | Vehicle Appearance Protection Package
2024-06-14,5TDESKFC8RS136237,2024,Sienna Platinum AWD,AWD,,True,At dealer,57775,Wind Chill Pearl [extra_cost_color],Nobel Brown Leather,58,LeadCar Toyota Mankato,https://www.leadcartoyotamankato.com,True,1500W inverter [120v_cargo] | 50 State Emissions | All-Weather Floor Liner Package[installed_msrp] | Digital Rearview Mirror with HomeLink® Universal Transceiver | Entertainment Package | Platinum Package | Spare tire | Special Color
2024-06-30,5TDESKFC8RS137551,2024,Sienna Platinum AWD,AWD,DealerHold,True,Port to dealer,56554,Wind Chill Pearl [extra_cost_color],Nobel Brown Leather,20,Carlson Toyota,https://www.carlsontoyota.com,True,1500W inverter [120v_cargo] | 50 State Emissions | All-Weather Floor Liner Package[installed_msrp] | Digital Rearview Mirror with HomeLink® Universal Transceiver | Platinum Package | Rear Bumper Applique[installed_msrp] | Special Color
2024-07-05,5TDESKFC9RS137865,2024,Sienna Platinum AWD,AWD,DealerHold,False,Port to dealer,56739,Celestial Silver Metallic,Nobel Brown Leather,4,Rudy Luther Toyota,https://www.rudyluthertoyota.com,True,1500W inverter [120v_cargo] | 50 State Emissions | All-Weather Floor Liner Package[installed_msrp] | Cargo Net with Pouch[installed_msrp] | Digital Rearview Mirror with HomeLink® Universal Transceiver | Platinum Package | Protection Package[installed_msrp] | Quick Charging Cable Package[installed_msrp] | Rear Bumper Applique[installed_msrp]
2024-07-23,5TDESKFC9RS26D776,2024,Sienna Platinum AWD,AWD,,True,Factory to port,56060,Blueprint,Nobel Brown Leather,3,Walser Bloomington Toyota,https://www.walsertoyota.com,True,1500W inverter [120v_cargo] | 50 State Emissions | All-Weather Floor Liner Package[installed_msrp] | Digital Rearview Mirror with HomeLink® Universal Transceiver | Platinum Package
2024-06-06,5TDESKFCXRS135204,2024,Sienna Platinum AWD,AWD,DealerHold,False,At dealer,56809,Midnight Black Metallic,Nobel Brown Leather,12,Burnsville Toyota,https://www.burnsvilletoyota.com,False,1500W inverter [120v_cargo] | 50 State Emissions | Body Side Moldings[installed_msrp] | Carpet Floor Mat Package[installed_msrp] | Digital Rearview Mirror with HomeLink® Universal Transceiver | Mudguards[installed_msrp] | Platinum Package | Quick Charging Cable Package[installed_msrp] | Rear Bumper Applique[installed_msrp] | Roof Rack Cross Bars[installed_msrp]
2024-07-24,5TDESKFCXRS27C101,2024,Sienna Platinum AWD,AWD,Available,True,Factory to port,56635,Wind Chill Pearl [extra_cost_color],Nobel Brown Leather,3,Walser Bloomington Toyota,https://www.walsertoyota.com,True,1500W inverter [120v_cargo] | 50 State Emissions | All-Weather Floor Liner Package[installed_msrp] | Digital Rearview Mirror with HomeLink® Universal Transceiver | Mudguards[installed_msrp] | Platinum Package | Special Color
2024-06-17,5TDJRKEC1RS209234,2024,Sienna XLE FWD,FWD,DealerHold,True,At dealer,48154,Wind Chill Pearl [extra_cost_color],Graphite Embossed Softex® [softex],14,Inver Grove Toyota,https://www.invergrovetoyota.com,False,50 State Emissions | All-Weather Floor Liner Package[installed_msrp] | Alloy Wheel Locks[installed_msrp] | Body Side Moldings[installed_msrp] | Cargo Organizer[installed_msrp] | Door Sill Protectors[installed_msrp] | Mudguards[installed_msrp] | Quick Charging Cable Package[installed_msrp] | Roof Rack Cross Bars[installed_msrp] | Special Color | XLE Plus Package
2024-06-23,5TDJSKFC0RS137946,2024,Sienna XLE AWD,AWD,DealerHold,False,Port to dealer,49775,Wind Chill Pearl [extra_cost_color],Graphite Embossed Softex® [softex],244,Bergstrom Toyota,https://www.bergstromtoyota.com,False,1500W inverter [120v_cargo] | 50 State Emissions | All-Weather Floor Liner Package[installed_msrp] | Body Side Moldings[installed_msrp] | Mudguards[installed_msrp] | Special Color | XLE Plus Package
2024-07-24,5TDJSKFC0RS28D154,2024,Sienna XLE AWD,AWD,DealerHold,True,Factory to port,49020,Blueprint,Graphite Embossed Softex® [softex],231,Smart Motors Toyota,https://www.smarttoyota.com,True,1500W inverter [120v_cargo] | 50 State Emissions | All-Weather Floor Liner Package[installed_msrp] | Owner's Portfolio | Quick Charging Cable Package[installed_msrp] | XLE Plus Package
2024-07-10,5TDJSKFC1RS137955,2024,Sienna XLE AWD,AWD,DealerHold,False,Port to dealer,49835,Predawn Gray Mica,Graphite Embossed Softex® [softex],79,Rochester Toyota,https://www.rochestertoyota.com,False,1500W inverter [120v_cargo] | 50 State Emissions | All-Weather Floor Liner Package[installed_msrp] | Body Side Moldings[installed_msrp] | Cargo Tray[installed_msrp] | Mudguards[installed_msrp] | Quick Charging Cable Package[installed_msrp] | Roof Rack Cross Bars[installed_msrp] | Spare tire | XLE Plus Package
2024-07-03,5TDJSKFC1RS138068,2024,Sienna XLE AWD,AWD,,True,Port to dealer,48950,Predawn Gray Mica,Chataeu Embossed Softex® [softex],200,Wilson Toyota,https://www.wilsonofamestoyota.com,True,1500W inverter [120v_cargo] | 50 State Emissions | All-Weather Floor Liner Package[installed_msrp] | XLE Plus Package
2024-07-14,5TDJSKFC1RS25D371,2024,Sienna XLE AWD,AWD,,True,Factory to port,49450,Wind Chill Pearl [extra_cost_color],Graphite Embossed Softex® [softex],3,Walser Bloomington Toyota,https://www.walsertoyota.com,True,1500W inverter [120v_cargo] | 50 State Emissions | All-Weather Floor Liner Package[installed_msrp] | Spare tire | Special Color | XLE Plus Package
2024-07-29,5TDJSKFC1RS26D611,2024,Sienna XLE AWD,AWD,,False,Factory to port,49450,Wind Chill Pearl [extra_cost_color],Graphite Embossed Softex® [softex],58,LeadCar Toyota Mankato,https://www.leadcartoyotamankato.com,True,1500W inverter [120v_cargo] | 50 State Emissions | All-Weather Floor Liner Package[installed_msrp] | Spare tire | Special Color | XLE Plus Package
2024-07-30,5TDJSKFC1RS27C132,2024,Sienna XLE AWD,AWD,DealerHold,False,Factory to port,49705,Blueprint,Graphite Embossed Softex® [softex],4,Rudy Luther Toyota,https://www.rudyluthertoyota.com,True,1500W inverter [120v_cargo] | 50 State Emissions | All-Weather Floor Liner Package[installed_msrp] | Body Side Moldings[installed_msrp] | Cargo Net with Pouch[installed_msrp] | Mudguards[installed_msrp] | Quick Charging Cable Package[installed_msrp] | Roof Rack Cross Bars[installed_msrp] | XLE Plus Package
2024-07-07,5TDJSKFC2RS26D360,2024,Sienna XLE AWD,AWD,,True,Factory to port,50315,Ruby Flare Pearl [extra_cost_color],Graphite Embossed Softex® [softex],200,Wilson Toyota,https://www.wilsonofamestoyota.com,True,1500W inverter [120v_cargo] | 50 State Emissions | All-Weather Floor Liner Package[installed_msrp] | Body Side Moldings[installed_msrp] | Door Sill Protectors[installed_msrp] | Mudguards[installed_msrp] | Quick Charging Cable Package[installed_msrp] | Roof Rack Cross Bars[installed_msrp] | Special Color | Tri-Fold Cargo Liner[installed_msrp] | XLE Plus Package
2024-06-21,5TDJSKFC3RS137861,2024,Sienna XLE AWD,AWD,,True,Port to dealer,49780,Predawn Gray Mica,Graphite Embossed Softex® [softex],200,Wilson Toyota,https://www.wilsonofamestoyota.com,True,1500W inverter [120v_cargo] | 50 State Emissions | All-Weather Floor Liner Package[installed_msrp] | Body Side Moldings[installed_msrp] | Illuminated Door Sills[installed_msrp] | Quick Charging Cable Package[installed_msrp] | Tri-Fold Cargo Liner[installed_msrp] | XLE Plus Package
2024-07-15,5TDJSKFC3RS25C707,2024,Sienna XLE AWD,AWD,,True,Factory to port,48950,Predawn Gray Mica,Graphite Embossed Softex® [softex],3,Walser Bloomington Toyota,https://www.walsertoyota.com,True,1500W inverter [120v_cargo] | 50 State Emissions | All-Weather Floor Liner Package[installed_msrp] | XLE Plus Package
2024-07-20,5TDJSKFC3RS26C878,2024,Sienna XLE AWD,AWD,DealerHold,True,Factory to port,49350,Midnight Black Metallic,Graphite Embossed Softex® [softex],20,Carlson Toyota,https://www.carlsontoyota.com,True,1500W inverter [120v_cargo] | 50 State Emissions | All-Weather Floor Liner Package[installed_msrp] | Body Side Moldings[installed_msrp] | Mudguards[installed_msrp] | XLE Plus Package
2024-06-06,5TDJSKFC4RS135519,2024,Sienna XLE AWD,AWD,DealerHold,False,At dealer,49540,Ruby Flare Pearl [extra_cost_color],Graphite Embossed Softex® [softex],192,Chester Berg Toyota,https://www.chesterbergtoyota.com,False,1500W inverter [120v_cargo] | 50 State Emissions | All-Weather Floor Liner Package[installed_msrp] | Special Color | Tri-Fold Cargo Liner[installed_msrp] | XLE Plus Package
2024-07-05,5TDJSKFC4RS137285,2024,Sienna XLE AWD,AWD,DealerHold,False,Port to dealer,50274,Blueprint,Graphite Embossed Softex® [softex],102,Dahl Toyota,https://www.dahltoyota.com,True,"1500W inverter [120v_cargo] | 50 State Emissions | All-Weather Floor Liner Package[installed_msrp] | Body Side Moldings[installed_msrp] | Cargo Tray[installed_msrp] | Mudguards[installed_msrp] | Paint Protection Film (Hood, Fenders, Mirror Backs and Door Cups)[installed_msrp] | Quick Charging Cable Package[installed_msrp] | Roof Rack Cross Bars[installed_msrp] | Spare tire | XLE Plus Package"
2024-07-03,5TDJSKFC4RS137836,2024,Sienna XLE AWD,AWD,,True,Port to dealer,49425,Predawn Gray Mica,Graphite Embossed Softex® [softex],3,Walser Bloomington Toyota,https://www.walsertoyota.com,True,1500W inverter [120v_cargo] | 50 State Emissions | All-Weather Floor Liner Package[installed_msrp] | Body Side Moldings[installed_msrp] | Mudguards[installed_msrp] | Spare tire | XLE Plus Package
2024-07-09,5TDJSKFC4RS137870,2024,Sienna XLE AWD,AWD,DealerHold,True,Port to dealer,49760,Predawn Gray Mica,Graphite Embossed Softex® [softex],14,Inver Grove Toyota,https://www.invergrovetoyota.com,False,1500W inverter [120v_cargo] | 50 State Emissions | All-Weather Floor Liner Package[installed_msrp] | Body Side Moldings[installed_msrp] | Cargo Tray[installed_msrp] | Mudguards[installed_msrp] | Quick Charging Cable Package[installed_msrp] | Roof Rack Cross Bars[installed_msrp] | XLE Plus Package
2024-07-12,5TDJSKFC4RS25D123,2024,Sienna XLE AWD,AWD,DealerHold,True,Factory to port,49630,Predawn Gray Mica,Graphite Embossed Softex® [softex],12,Luther Brookdale Toyota,https://www.lutherbrookdaletoyota.com,True,1500W inverter [120v_cargo] | 50 State Emissions | All-Weather Floor Liner Package[installed_msrp] | Body Side Moldings[installed_msrp] | Mudguards[installed_msrp] | Owner's Portfolio | Quick Charging Cable Package[installed_msrp] | Roof Rack Cross Bars[installed_msrp] | XLE Plus Package
2024-07-02,5TDJSKFC5RS137554,2024,Sienna XLE AWD,AWD,,True,Port to dealer,48390,Blueprint,Graphite Embossed Softex® [softex],192,Billion Toyota,https://www.siouxfallstoyota.com,True,50 State Emissions | XLE Plus Package
2024-07-22,5TDJSKFC5RS28C761,2024,Sienna XLE AWD,AWD,DealerHold,False,Factory to port,48950,Blueprint,Graphite Embossed Softex® [softex],245,Kolosso Toyota,https://www.kolossotoyota.com,True,1500W inverter [120v_cargo] | 50 State Emissions | All-Weather Floor Liner Package[installed_msrp] | XLE Plus Package
2024-08-09,5TDJSKFC5RS28C971,2024,Sienna XLE AWD,AWD,DealerHold,False,Factory to port,49990,Wind Chill Pearl [extra_cost_color],Graphite Embossed Softex® [softex],60,St. Cloud Toyota,https://www.stcloudtoyota.com,True,1500W inverter [120v_cargo] | 18-in. Alloy Wheel | 50 State Emissions | All-Weather Floor Liner Package[installed_msrp] | Spare tire | Special Color | XLE Plus Package
2024-06-25,5TDJSKFC6RS136669,2024,Sienna XLE AWD,AWD,DealerHold,False,Port to dealer,49480,Predawn Gray Mica,Graphite Embossed Softex® [softex],244,Ruda Chevrolet/Toyota,https://www.rudatoyota.com,False,1500W inverter [120v_cargo] | 50 State Emissions | All-Weather Floor Liner Package[installed_msrp] | Body Side Moldings[installed_msrp] | Cargo Tray[installed_msrp] | Mudguards[installed_msrp] | Owner's Portfolio | XLE Plus Package
2024-08-02,5TDJSKFC6RS28C610,2024,Sienna XLE AWD,AWD,DealerHold,False,Factory to port,50910,Celestial Silver Metallic,Graphite Embossed Softex® [softex],212,Anderson-Weber Toyota,https://www.andersonwebertoyota.com,True,1500W inverter [120v_cargo] | 50 State Emissions | All-Weather Floor Liner Package[installed_msrp] | Body Side Moldings[installed_msrp] | Entertainment Package | Mudguards[installed_msrp] | Quick Charging Cable Package[installed_msrp] | Spare tire | XLE Plus Package
2024-04-24,5TDJSKFC7RS130511,2024,Sienna XLE AWD,AWD,Available,False,At dealer,48950,Midnight Black Metallic,Graphite Embossed Softex® [softex],144,Kolar Toyota,https://www.kolartoyota.com,True,1500W inverter [120v_cargo] | 50 State Emissions | All-Weather Floor Liner Package[installed_msrp] | Drop Ship Indicator | XLE Plus Package
2024-06-29,5TDJSKFC7RS137247,2024,Sienna XLE AWD,AWD,DealerHold,True,Port to dealer,49570,Predawn Gray Mica,Graphite Embossed Softex® [softex],4,Rudy Luther Toyota,https://www.rudyluthertoyota.com,True,1500W inverter [120v_cargo] | 50 State Emissions | All-Weather Floor Liner Package[installed_msrp] | Body Side Moldings[installed_msrp] | Cargo Net with Pouch[installed_msrp] | Mudguards[installed_msrp] | Quick Charging Cable Package[installed_msrp] | Spare tire | XLE Plus Package
2024-07-24,5TDJSKFC7RS26C656,2024,Sienna XLE AWD,AWD,DealerHold,False,Factory to port,50130,Ruby Flare Pearl [extra_cost_color],Graphite Embossed Softex® [softex],4,Rudy Luther Toyota,https://www.rudyluthertoyota.com,True,1500W inverter [120v_cargo] | 50 State Emissions | All-Weather Floor Liner Package[installed_msrp] | Body Side Moldings[installed_msrp] | Cargo Net with Pouch[installed_msrp] | Mudguards[installed_msrp] | Quick Charging Cable Package[installed_msrp] | Roof Rack Cross Bars[installed_msrp] | Special Color | XLE Plus Package
2024-07-27,5TDJSKFC7RS26D497,2024,Sienna XLE AWD,AWD,DealerHold,True,Factory to port,48950,Blueprint,Graphite Embossed Softex® [softex],12,Luther Brookdale Toyota,https://www.lutherbrookdaletoyota.com,True,1500W inverter [120v_cargo] | 50 State Emissions | All-Weather Floor Liner Package[installed_msrp] | Owner's Portfolio | XLE Plus Package
2024-06-12,5TDJSKFC8RS136298,2024,Sienna XLE AWD,AWD,DealerHold,True,At dealer,49200,Celestial Silver Metallic,Graphite Embossed Softex® [softex],191,Mark Toyota of Plover,https://www.marktoyota.com,False,1500W inverter [120v_cargo] | 50 State Emissions | All-Weather Floor Liner Package[installed_msrp] | Body Side Moldings[installed_msrp] | XLE Plus Package
2024-06-13,5TDJSKFC9RS135760,2024,Sienna XLE AWD,AWD,DealerHold,False,At dealer,50259,Blueprint,Graphite Embossed Softex® [softex],168,Marthaler Toyota of Ashland,https://www.ashland-toyota.com,False,"1500W inverter [120v_cargo] | 50 State Emissions | All-Weather Floor Liner Package[installed_msrp] | Body Side Moldings[installed_msrp] | Door Sill Protectors[installed_msrp] | Mudguards[installed_msrp] | Paint Protection Film (Hood, Fenders, Mirror Backs and Door Cups)[installed_msrp] | Roof Rack Cross Bars[installed_msrp] | Tri-Fold Cargo Liner[installed_msrp] | XLE Plus Package"
2024-07-03,5TDJSKFC9RS137833,2024,Sienna XLE AWD,AWD,DealerHold,True,Port to dealer,49495,Predawn Gray Mica,Graphite Embossed Softex® [softex],17,Maplewood Toyota,https://www.maplewoodtoyota.com,False,1500W inverter [120v_cargo] | 50 State Emissions | All-Weather Floor Liner Package[installed_msrp] | Body Side Moldings[installed_msrp] | Cargo Net with Pouch[installed_msrp] | Mudguards[installed_msrp] | Quick Charging Cable Package[installed_msrp] | XLE Plus Package
2024-07-14,5TDJSKFC9RS24D039,2024,Sienna XLE AWD,AWD,DealerHold,False,Factory to port,49780,Blueprint,Graphite Embossed Softex® [softex],4,Rudy Luther Toyota,https://www.rudyluthertoyota.com,True,1500W inverter [120v_cargo] | 50 State Emissions | All-Weather Floor Liner Package[installed_msrp] | Body Side Moldings[installed_msrp] | Cargo Net with Pouch[installed_msrp] | Mudguards[installed_msrp] | Quick Charging Cable Package[installed_msrp] | Roof Rack Cross Bars[installed_msrp] | Spare tire | XLE Plus Package
2024-07-19,5TDJSKFC9RS25C811,2024,Sienna XLE AWD,AWD,,False,Factory to port,49610,Blueprint,Graphite Embossed Softex® [softex],144,Kolar Toyota,https://www.kolartoyota.com,True,1500W inverter [120v_cargo] | 3M City | 50 State Emissions | All-Weather Floor Liner Package[installed_msrp] | Body Side Moldings[installed_msrp] | Door Sill Protectors[installed_msrp] | Mudguards[installed_msrp] | Tri-Fold Cargo Liner[installed_msrp] | XLE Plus Package
2024-07-24,5TDJSKFC9RS26D307,2024,Sienna XLE AWD,AWD,DealerHold,False,Factory to port,49495,Celestial Silver Metallic,Graphite Embossed Softex® [softex],4,Rudy Luther Toyota,https://www.rudyluthertoyota.com,True,1500W inverter [120v_cargo] | 50 State Emissions | All-Weather Floor Liner Package[installed_msrp] | Body Side Moldings[installed_msrp] | Cargo Net with Pouch[installed_msrp] | Mudguards[installed_msrp] | Quick Charging Cable Package[installed_msrp] | XLE Plus Package
2024-07-12,5TDJSKFCXRS25D367,2024,Sienna XLE AWD,AWD,,True,Factory to port,49600,Wind Chill Pearl [extra_cost_color],Graphite Embossed Softex® [softex],3,Walser Bloomington Toyota,https://www.walsertoyota.com,True,1500W inverter [120v_cargo] | 50 State Emissions | All-Weather Floor Liner Package[installed_msrp] | Mudguards[installed_msrp] | Spare tire | Special Color | XLE Plus Package
2024-07-08,5TDJSKFCXRS26D817,2024,Sienna XLE AWD,AWD,DealerHold,False,Factory to port,49375,Wind Chill Pearl [extra_cost_color],Graphite Embossed Softex® [softex],243,McGrath Toyota of Iowa City,https://www.toyotaiowacity.com,True,1500W inverter [120v_cargo] | 50 State Emissions | All-Weather Floor Liner Package[installed_msrp] | Special Color | XLE Plus Package
2024-07-13,5TDJSKFCXRS27B920,2024,Sienna XLE AWD,AWD,,True,Factory to port,51390,Celestial Silver Metallic,Graphite Embossed Softex® [softex],200,Wilson Toyota,https://www.wilsonofamestoyota.com,True,1500W inverter [120v_cargo] | 50 State Emissions | All-Weather Floor Liner Package[installed_msrp] | Body Side Moldings[installed_msrp] | Entertainment Package | Illuminated Door Sills[installed_msrp] | Mudguards[installed_msrp] | Quick Charging Cable Package[installed_msrp] | Roof Rack Cross Bars[installed_msrp] | XLE Plus Package
2024-06-26,5TDKSKFC0RS136977,2024,Sienna LE AWD,AWD,,True,Port to dealer,41985,Ice Cap,Gray Woven Fabric,144,Kolar Toyota,https://www.kolartoyota.com,True,3M City | 50 State Emissions | All-Weather Floor Liner Package[installed_msrp] | Body Side Moldings[installed_msrp] | Door Sill Protectors[installed_msrp] | Mudguards[installed_msrp] | Roof rails [roof_rack]
2024-07-14,5TDKSKFC0RS25D737,2024,Sienna LE AWD,AWD,DealerHold,True,Factory to port,41490,Ice Cap,Gray Woven Fabric,12,Luther Brookdale Toyota,https://www.lutherbrookdaletoyota.com,True,50 State Emissions | All-Weather Floor Liner Package[installed_msrp] | Owner's Portfolio | Roof rails [roof_rack]
2024-07-23,5TDKSKFC3RS26D131,2024,Sienna LE AWD,AWD,DealerHold,True,Factory to port,42330,Celestial Silver Metallic,Gray Woven Fabric,12,Luther Brookdale Toyota,https://www.lutherbrookdaletoyota.com,True,50 State Emissions | All-Weather Floor Liner Package[installed_msrp] | Alloy Wheel Locks[installed_msrp] | Body Side Moldings[installed_msrp] | Door Sill Protectors[installed_msrp] | Mudguards[installed_msrp] | Owner's Portfolio | Quick Charging Cable Package[installed_msrp] | Roof Rack Cross Bars[installed_msrp] | Roof rails [roof_rack]
2024-07-08,5TDKSKFC4RS137890,2024,Sienna LE AWD,AWD,DealerHold,False,Port to dealer,41565,Cypress,Gray Woven Fabric,95,Markquart Toyota,https://www.markquarttoyota.com,False,50 State Emissions | All-Weather Floor Liner Package[installed_msrp] | Mudguards[installed_msrp] | Spare tire
2024-07-01,5TDKSKFC6RS137311,2024,Sienna LE AWD,AWD,DealerHold,False,Port to dealer,41990,Ruby Flare Pearl [extra_cost_color],Gray Woven Fabric,139,Kari Toyota,https://www.karitoyota.com,False,50 State Emissions | All-Weather Floor Liner Package[installed_msrp] | Mudguards[installed_msrp] | Spare tire | Special Color
2024-06-29,5TDKSKFC9RS136945,2024,Sienna LE AWD,AWD,DealerHold,False,Port to dealer,41850,Predawn Gray Mica,Gray Woven Fabric,139,Kari Toyota,https://www.karitoyota.com,False,50 State Emissions | All-Weather Floor Liner Package[installed_msrp] | Mudguards[installed_msrp] | Roof Rack Cross Bars[installed_msrp] | Roof rails [roof_rack]
2024-07-23,5TDKSKFC9RS26D537,2024,Sienna LE AWD,AWD,DealerHold,True,Factory to port,41490,Predawn Gray Mica,Gray Woven Fabric,20,Carlson Toyota,https://www.carlsontoyota.com,True,50 State Emissions | All-Weather Floor Liner Package[installed_msrp] | Roof rails [roof_rack]
2024-07-09,5TDYRKEC0RS210616,2024,Sienna XLE FWD,FWD,,True,Port to dealer,45625,Wind Chill Pearl [extra_cost_color],Graphite Embossed Softex® [softex],3,Walser Bloomington Toyota,https://www.walsertoyota.com,True,50 State Emissions | All-Weather Floor Liner Package[installed_msrp] | Body Side Moldings[installed_msrp] | Mudguards[installed_msrp] | Roof rails [roof_rack] | Special Color
2024-06-04,5TDYRKEC2RS207734,2024,Sienna XLE FWD,FWD,DealerHold,False,At dealer,45575,Wind Chill Pearl [extra_cost_color],Graphite Embossed Softex® [softex],79,Rochester Toyota,https://www.rochestertoyota.com,False,50 State Emissions | Cargo Tray[installed_msrp] | Carpet Floor Mat Package[installed_msrp] | Mudguards[installed_msrp] | Quick Charging Cable Package[installed_msrp] | Roof rails [roof_rack] | Special Color
2024-06-27,5TDYRKEC2RS209855,2024,Sienna XLE FWD,FWD,DealerHold,False,Port to dealer,45275,Predawn Gray Mica,Graphite Embossed Softex® [softex],12,Burnsville Toyota,https://www.burnsvilletoyota.com,False,50 State Emissions | All-Weather Floor Liner Package[installed_msrp] | Body Side Moldings[installed_msrp] | Cargo Net with Pouch[installed_msrp] | Mudguards[installed_msrp] | Roof rails [roof_rack]
2024-07-22,5TDYRKECXRS25D008,2024,Sienna XLE FWD,FWD,DealerHold,False,Factory to port,46170,Wind Chill Pearl [extra_cost_color],Graphite Embossed Softex® [softex],102,Dahl Toyota,https://www.dahltoyota.com,True,50 State Emissions | All-Weather Floor Liner Package[installed_msrp] | Body Side Moldings[installed_msrp] | Cargo Tray[installed_msrp] | Illuminated Door Sills[installed_msrp] | Mudguards[installed_msrp] | Quick Charging Cable Package[installed_msrp] | Roof rails [roof_rack] | Special Color
2024-07-23,5TDYSKFC0RS26D789,2024,Sienna XLE AWD,AWD,,True,Factory to port,47225,Ruby Flare Pearl [extra_cost_color],Graphite Embossed Softex® [softex],3,Walser Bloomington Toyota,https://www.walsertoyota.com,True,50 State Emissions | All-Weather Floor Liner Package[installed_msrp] | Roof rails [roof_rack] | Special Color
2024-06-28,5TDYSKFC1RS25C784,2024,Sienna XLE AWD,AWD,,True,Factory to port,46800,Celestial Silver Metallic,Graphite Embossed Softex® [softex],236,East Madison Toyota,https://eastmadisontoyota.com,True,50 State Emissions | All-Weather Floor Liner Package[installed_msrp] | Roof rails [roof_rack] | Vehicle Appearance Protection Package
2024-06-13,5TDYSKFC2RS136215,2024,Sienna XLE AWD,AWD,DealerHold,False,At dealer,47980,Wind Chill Pearl [extra_cost_color],Graphite Embossed Softex® [softex],4,Rudy Luther Toyota,https://www.rudyluthertoyota.com,True,50 State Emissions | All-Weather Floor Liner Package[installed_msrp] | Body Side Moldings[installed_msrp] | Cargo Net with Pouch[installed_msrp] | Mudguards[installed_msrp] | Quick Charging Cable Package[installed_msrp] | Roof Rack Cross Bars[installed_msrp] | Roof rails [roof_rack] | Special Color
2024-07-15,5TDYSKFC2RS26D566,2024,Sienna XLE AWD,AWD,DealerHold,True,Factory to port,46800,Predawn Gray Mica,Graphite Embossed Softex® [softex],245,Kolosso Toyota,https://www.kolossotoyota.com,True,50 State Emissions | All-Weather Floor Liner Package[installed_msrp] | Roof rails [roof_rack]
2024-07-01,5TDYSKFC3RS137244,2024,Sienna XLE AWD,AWD,DealerHold,True,Port to dealer,48035,Ruby Flare Pearl [extra_cost_color],Graphite Embossed Softex® [softex],12,Luther Brookdale Toyota,https://www.lutherbrookdaletoyota.com,True,50 State Emissions | All-Weather Floor Liner Package[installed_msrp] | Body Side Moldings[installed_msrp] | Cargo Tray[installed_msrp] | Mudguards[installed_msrp] | Owner's Portfolio | Quick Charging Cable Package[installed_msrp] | Roof Rack Cross Bars[installed_msrp] | Roof rails [roof_rack] | Special Color
2024-07-21,5TDYSKFC3RS28C675,2024,Sienna XLE AWD,AWD,,True,Factory to port,46800,Predawn Gray Mica,Graphite Embossed Softex® [softex],236,East Madison Toyota,https://eastmadisontoyota.com,True,50 State Emissions | All-Weather Floor Liner Package[installed_msrp] | Roof rails [roof_rack] | Vehicle Appearance Protection Package
2024-07-24,5TDYSKFC7RS26C932,2024,Sienna XLE AWD,AWD,DealerHold,False,Factory to port,47345,Blueprint,Graphite Embossed Softex® [softex],4,Rudy Luther Toyota,https://www.rudyluthertoyota.com,True,50 State Emissions | All-Weather Floor Liner Package[installed_msrp] | Body Side Moldings[installed_msrp] | Cargo Net with Pouch[installed_msrp] | Mudguards[installed_msrp] | Quick Charging Cable Package[installed_msrp] | Roof rails [roof_rack]
2024-07-23,5TDYSKFC7RS26D398,2024,Sienna XLE AWD,AWD,DealerHold,True,Factory to port,46800,Predawn Gray Mica,Graphite Embossed Softex® [softex],12,Luther Brookdale Toyota,https://www.lutherbrookdaletoyota.com,True,50 State Emissions | All-Weather Floor Liner Package[installed_msrp] | Owner's Portfolio | Roof rails [roof_rack]
2024-06-20,5TDYSKFC8RS136381,2024,Sienna XLE AWD,AWD,DealerHold,True,Port to dealer,47335,Predawn Gray Mica,Graphite Embossed Softex® [softex],14,Inver Grove Toyota,https://www.invergrovetoyota.com,False,50 State Emissions | All-Weather Floor Liner Package[installed_msrp] | Body Side Moldings[installed_msrp] | Roof Rack Cross Bars[installed_msrp] | Roof rails [roof_rack] | Spare tire
2024-07-23,5TDYSKFC9RS26C673,2024,Sienna XLE AWD,AWD,DealerHold,True,Factory to port,46950,Predawn Gray Mica,Graphite Embossed Softex® [softex],20,Carlson Toyota,https://www.carlsontoyota.com,True,50 State Emissions | All-Weather Floor Liner Package[installed_msrp] | Mudguards[installed_msrp] | Roof rails [roof_rack]
2024-07-18,5TDYSKFCXRS25C931,2024,Sienna XLE AWD,AWD,DealerHold,False,Factory to port,47140,Midnight Black Metallic,Graphite Embossed Softex® [softex],4,Rudy Luther Toyota,https://www.rudyluthertoyota.com,True,50 State Emissions | All-Weather Floor Liner Package[installed_msrp] | Cargo Net with Pouch[installed_msrp] | Illuminated Door Sills[installed_msrp] | Quick Charging Cable Package[installed_msrp]
2024-06-30,5TDYSKFCXRS25C959,2024,Sienna XLE AWD,AWD,DealerHold,True,Factory to port,46800,Celestial Silver Metallic,Graphite Embossed Softex® [softex],245,Kolosso Toyota,https://www.kolossotoyota.com,True,50 State Emissions | All-Weather Floor Liner Package[installed_msrp] | Roof rails [roof_rack]
2024-08-13,5TDZSKFC1RS28D781,2024,Sienna Limited AWD,AWD,DealerHold,True,Factory to port,54169,Predawn Gray Mica,Graphite Leather,20,Carlson Toyota,https://www.carlsontoyota.com,True,1500W inverter [120v_cargo] | 50 State Emissions | All-Weather Floor Liner Package[installed_msrp] | Digital Rearview Mirror with HomeLink® Universal Transceiver | Rear Bumper Applique[installed_msrp]
2024-06-25,5TDZSKFC2RS25D270,2024,Sienna Limited AWD,AWD,DealerHold,False,Factory to port,55940,Ruby Flare Pearl [extra_cost_color],Graphite Leather,243,McGrath Toyota of Iowa City,https://www.toyotaiowacity.com,True,1500W inverter [120v_cargo] | 50 State Emissions | All-Weather Floor Liner Package[installed_msrp] | Digital Rearview Mirror with HomeLink® Universal Transceiver | Entertainment Package | Special Color
2024-07-09,5TDZSKFC2RS26D278,2024,Sienna Limited AWD,AWD,,True,Factory to port,56270,Predawn Gray Mica,Graphite Leather,225,Toyota of Des Moines,https://www.toyotadm.com,True,1500W inverter [120v_cargo] | 50 State Emissions | All-Weather Floor Liner Package[installed_msrp] | Alloy Wheel Locks[installed_msrp] | Body Side Moldings[installed_msrp] | Digital Rearview Mirror with HomeLink® Universal Transceiver | Entertainment Package | Illuminated Door Sills[installed_msrp] | Mudguards[installed_msrp] | Quick Charging Cable Package[installed_msrp] | Spare tire
2024-07-05,5TDZSKFC3RS137930,2024,Sienna Limited AWD,AWD,DealerHold,False,Port to dealer,54560,Ruby Flare Pearl [extra_cost_color],Graphite Leather,215,Corwin Toyota,https://www.corwintoyota.com,False,1500W inverter [120v_cargo] | 50 State Emissions | Digital Rearview Mirror with HomeLink® Universal Transceiver | Emergency Assistance Kit[installed_msrp] | Mudguards[installed_msrp] | Quick Charging Cable Package[installed_msrp] | Special Color
2024-07-25,5TDZSKFC4RS27B625,2024,Sienna Limited AWD,AWD,DealerHold,False,Factory to port,54779,Midnight Black Metallic,Chateau Leather,4,Rudy Luther Toyota,https://www.rudyluthertoyota.com,True,1500W inverter [120v_cargo] | 50 State Emissions | All-Weather Floor Liner Package[installed_msrp] | Cargo Net with Pouch[installed_msrp] | Digital Rearview Mirror with HomeLink® Universal Transceiver | Protection Package[installed_msrp] | Quick Charging Cable Package[installed_msrp] | Rear Bumper Applique[installed_msrp]
2024-07-20,5TDZSKFC6RS27C212,2024,Sienna Limited AWD,AWD,,False,Factory to port,55515,Cypress,Graphite Leather,236,East Madison Toyota,https://eastmadisontoyota.com,True,1500W inverter [120v_cargo] | 50 State Emissions | All-Weather Floor Liner Package[installed_msrp] | Digital Rearview Mirror with HomeLink® Universal Transceiver | Entertainment Package | Vehicle Appearance Protection Package
2024-06-12,5TDZSKFC8RS137180,2024,Sienna Limited AWD,AWD,Available,True,At dealer,54585,Predawn Gray Mica,Graphite Leather,225,Toyota of Des Moines,https://www.toyotadm.com,True,1500W inverter [120v_cargo] | 50 State Emissions | All-Weather Floor Liner Package[installed_msrp] | Body Side Moldings[installed_msrp] | Digital Rearview Mirror with HomeLink® Universal Transceiver | Mudguards[installed_msrp] | Roof Rack Cross Bars[installed_msrp] | Spare tire
2024-07-30,5TDZSKFCXRS27C231,2024,Sienna Limited AWD,AWD,DealerHold,True,Factory to port,54169,Midnight Black Metallic,Graphite Leather,20,Carlson Toyota,https://www.carlsontoyota.com,True,1500W inverter [120v_cargo] | 50 State Emissions | All-Weather Floor Liner Package[installed_msrp] | Digital Rearview Mirror with HomeLink® Universal Transceiver | Rear Bumper Applique[installed_msrp]
